customerID,Churn_Probability,Churn_Prediction,Churn_Label
1024-GUALD,0.9309000250071876,1,Yes
0484-JPBRU,0.02134557159917563,0,No
3620-EHIMZ,0.01460428925969944,0,No
6910-HADCM,0.9746146744596174,1,Yes
8587-XYZSF,0.02429418137630404,0,No
6818-WOBHJ,0.07920747069853862,0,No
3082-YVEKW,0.04599609434063932,0,No
4737-AQCPU,0.028360148896944305,0,No
4853-RULSV,0.03861943098094514,0,No
5766-ZJYBB,0.8683254550990575,1,Yes
2668-TZSPS,0.9532110287590657,1,Yes
3192-LNKRK,0.5707679890993249,1,Yes
5315-CKEQK,0.051176209267221114,0,No
5914-DVBWJ,0.9288695321015576,1,Yes
7998-ZLXWN,0.027281895391766932,0,No
6328-ZPBGN,0.971941608861498,1,Yes
9530-EHPOH,0.7571421912297608,1,Yes
1853-UDXBW,0.9745484203054942,1,Yes
2672-TGEFF,0.8083848357999565,1,Yes
1902-XBTFB,0.8229987884447998,1,Yes
1640-PLFMP,0.9744872448715526,1,Yes
3679-XASPY,0.6590121025001845,1,Yes
7356-IWLFW,0.10939009948728112,0,No
9036-CSKBW,0.15685068785394227,0,No
8952-WCVCD,0.2481337475309702,1,Yes
2100-BDNSN,0.8895093201353375,1,Yes
2869-ADAWR,0.3062025819467588,1,Yes
5832-EXGTT,0.10219000511034537,0,No
9402-ORRAH,0.961898881146076,1,Yes
4967-WPNCF,0.02550710673625097,0,No
8033-VCZGH,0.05876373226280999,0,No
9392-XBGTD,0.022007957009850095,0,No
0078-XZMHT,0.029898948324488462,0,No
0743-HNPFG,0.016237741567952636,0,No
5334-JLAXU,0.3031845545345081,1,Yes
5696-EXCYS,0.024082397176253528,0,No
2569-WGERO,0.01786535841432409,0,No
5219-YIPTK,0.9290955638887021,1,Yes
5553-AOINX,0.2843102167701751,1,Yes
5502-RLUYV,0.17405956741641077,1,Yes
2058-DCJBE,0.9706407128501546,1,Yes
2293-IJWPS,0.03953830875616891,0,No
7130-VTEWQ,0.9629464301777281,1,Yes
0080-EMYVY,0.1512436556396196,0,No
0148-DCDOS,0.956557735560346,1,Yes
9170-ARBTB,0.015158336483770624,0,No
2070-FNEXE,0.9581344369220156,1,Yes
5364-EVNIB,0.935146051095699,1,Yes
1112-CUNAO,0.8870662932631626,1,Yes
4576-CSAJH,0.10737685096328248,0,No
9967-ATRFS,0.03525004282163671,0,No
1360-RCYRT,0.0610498341512391,0,No
5038-ETMLM,0.028115307828820515,0,No
5663-QBGIS,0.20829282369810168,1,Yes
4194-WHFCB,0.13004171210292048,0,No
9481-WHGWY,0.026838824055855432,0,No
5453-YBTWV,0.036637473803037876,0,No
2018-PZKMU,0.9676926910087137,1,Yes
9277-JOOMO,0.7227142490525756,1,Yes
3629-ZNKXA,0.966343444160632,1,Yes
0369-ZGOVK,0.05543329870315217,0,No
3604-WLABM,0.3759830679837609,1,Yes
4063-EIKNQ,0.03325601643663485,0,No
2878-RMWXY,0.1659295256035704,0,No
9540-JYROE,0.9214422504656657,1,Yes
7515-LODFU,0.02083260689722013,0,No
1839-FBNFR,0.013336727621842735,0,No
5397-NSKQG,0.01788564852755387,0,No
1755-FZQEC,0.021012076410533834,0,No
2160-GPFXD,0.016012684931745,0,No
4415-IJZTP,0.9745168166144836,1,Yes
9880-TDQAC,0.019587678998437535,0,No
5138-WVKYJ,0.973455929072064,1,Yes
8844-TONUD,0.9427374589223181,1,Yes
0080-OROZO,0.6958768977832478,1,Yes
0953-LGOVU,0.154877185341337,0,No
5325-UWTWJ,0.3453252643244042,1,Yes
1074-AMIOH,0.2577201978978641,1,Yes
5906-BFOZT,0.8707315018347102,1,Yes
7026-YMSBE,0.022302398526103804,0,No
6572-ADKRS,0.055092028818276906,0,No
5922-ABDVO,0.9392510072009895,1,Yes
6475-VHUIZ,0.4326418432543462,1,Yes
1324-NLTJE,0.12860116909103395,0,No
4361-FEBGN,0.016983170219987395,0,No
8393-DLHGA,0.9448634566566493,1,Yes
6769-DCQLI,0.06641722323639904,0,No
3018-TFTSU,0.9456185706737643,1,Yes
2324-AALNO,0.016941906779532792,0,No
2300-RQGOI,0.02092305893479801,0,No
6133-OZILE,0.3266330951306088,1,Yes
7605-SNLQG,0.043525606446032844,0,No
5348-CAGXB,0.9648499486219521,1,Yes
0201-MIBOL,0.227530815009753,1,Yes
7083-MIOPC,0.017544710458392256,0,No
0562-KBDVM,0.021313844124252766,0,No
1173-NOEYG,0.8969873976701228,1,Yes
7698-YFGEZ,0.9555193824502465,1,Yes
9061-TIHDA,0.9722665373834661,1,Yes
0016-QLJIS,0.018405113680969913,0,No
7296-PIXQY,0.432825366705358,1,Yes
9102-IAYHT,0.9670957728668189,1,Yes
6447-EGDIV,0.023308916600721093,0,No
3460-TJBWI,0.02139415882567796,0,No
3744-ZBHON,0.5371994686114501,1,Yes
1092-GANHU,0.9639431258023264,1,Yes
3948-KXDUF,0.025424117972826638,0,No
7284-ZZLOH,0.02589918379939384,0,No
6745-JEFZB,0.4257044832834825,1,Yes
2606-PKWJB,0.019650035036209778,0,No
1624-WOIWJ,0.9721601792952334,1,Yes
8777-PVYGU,0.0232994931922125,0,No
4770-QAZXN,0.031581755912241875,0,No
8012-SOUDQ,0.9026436837773734,1,Yes
5546-BYZSM,0.018333061102063546,0,No
0523-VNGTF,0.2939137151318906,1,Yes
3779-OSWCF,0.034920389592755334,0,No
8535-SFUTN,0.24220413206050745,1,Yes
2320-SLKMB,0.21525586166841976,1,Yes
7169-YWAMK,0.01753549190019882,0,No
8434-PNQZX,0.040482013352658525,0,No
4981-FLTMF,0.01919384946823511,0,No
9424-CMPOG,0.027543090430254012,0,No
3627-FCRDW,0.9429273916833734,1,Yes
1518-OMDIK,0.05642404174307397,0,No
8393-JMVMB,0.8661982900157809,1,Yes
7638-QVMVY,0.9706276471648388,1,Yes
6140-QNRQQ,0.974191297704521,1,Yes
7969-FFOWG,0.01587722058845452,0,No
1342-JPNKI,0.9723244116913038,1,Yes
7080-TNUWP,0.0616809990697224,0,No
8949-JTMAY,0.9145273323402674,1,Yes
0654-HMSHN,0.9462837847118679,1,Yes
2725-KXXWT,0.9739191494796077,1,Yes
2439-QKJUL,0.28224261465378253,1,Yes
1935-IMVBB,0.24211754768643134,1,Yes
4628-WQCQQ,0.19584973242553833,1,Yes
3724-BSCVH,0.028903726518394113,0,No
7605-BDWDC,0.03897561911036434,0,No
7137-RYLPP,0.8832424237802918,1,Yes
3207-OYBWH,0.31300273074509705,1,Yes
4707-YNOQA,0.017221587995076854,0,No
6956-SMUCM,0.9729474087439864,1,Yes
8714-CTZJW,0.9733703256496596,1,Yes
3662-FXJFO,0.017174541003092115,0,No
7623-HKYRK,0.04002787651564062,0,No
1353-GHZOS,0.05051756094658614,0,No
3323-CPBWR,0.9332168324212154,1,Yes
6152-ONASV,0.0161289962791073,0,No
9251-AWQGT,0.015275684430143566,0,No
4803-LBYPN,0.018162744036611864,0,No
8879-ZKJOF,0.08971080335653125,0,No
7354-OIJLX,0.9578212639874609,1,Yes
9129-UXERG,0.9592172374207387,1,Yes
5302-BDJNT,0.9228368538127691,1,Yes
7148-XZPHA,0.06960456909838149,0,No
2651-ZCBXV,0.03353160338920382,0,No
1304-NECVQ,0.9751705185274044,1,Yes
3374-TTZTK,0.05225153864604973,0,No
0229-LFJAF,0.026786535902809876,0,No
1304-BCCFO,0.7781098567229295,1,Yes
0455-XFASS,0.9744180987135476,1,Yes
0221-WMXNQ,0.9744977261208382,1,Yes
2882-WDTBA,0.027171468479306942,0,No
8069-RHUXK,0.019384948784602958,0,No
4806-KEXQR,0.9739084548184367,1,Yes
2817-NTQDO,0.40934845945545945,1,Yes
3230-IUALN,0.047701547814634884,0,No
6500-JVEGC,0.09500721956080259,0,No
7103-ZGVNT,0.03363558535823617,0,No
1837-YQUCE,0.02203231149739661,0,No
4800-VHZKI,0.9502725786025366,1,Yes
3887-PBQAO,0.012270997206855714,0,No
5177-RVZNU,0.017888689636407926,0,No
1729-VLAZJ,0.0917070202990393,0,No
4273-MBHYA,0.9744106320785287,1,Yes
8690-UPCZI,0.03137686407496846,0,No
6374-NTQLP,0.11398847059461953,0,No
1618-CFHME,0.9750994754904587,1,Yes
4104-PVRPS,0.1684103545324245,1,Yes
4210-QFJMF,0.9731574193982357,1,Yes
5787-KXGIY,0.016197508634739333,0,No
3088-LHEFH,0.9323332063480393,1,Yes
8896-RAZCR,0.01575628204807697,0,No
7268-WNTCP,0.0141633800999894,0,No
5854-KSRBJ,0.014883342968913211,0,No
9907-SWKKF,0.962600684170166,1,Yes
3932-CMDTD,0.9354683210463685,1,Yes
5277-ZLOOR,0.9752280150026335,1,Yes
2746-DIJLO,0.02663562576444656,0,No
9174-FKWZE,0.7512708766891536,1,Yes
9919-FZDED,0.040566483445777374,0,No
9488-FYQAU,0.036422118453598946,0,No
6869-FGJJC,0.034192016579771944,0,No
3349-ANQNH,0.06955502883887353,0,No
0222-CNVPT,0.5234967297974804,1,Yes
6900-PXRMS,0.9427395884338142,1,Yes
0230-WEQUW,0.017772740620815967,0,No
7629-WFGLW,0.07378439243683658,0,No
2235-EZAIK,0.038127427921488474,0,No
5119-NZPTV,0.9742818830728501,1,Yes
4282-MSACW,0.1667144489615189,0,No
7711-YIJWC,0.02640559150007872,0,No
8749-CLJXC,0.9558005741046347,1,Yes
7636-XUHWW,0.5074480995775065,1,Yes
0883-EIBTI,0.6865299843265484,1,Yes
4098-NAUKP,0.04210739348745564,0,No
0701-TJSEF,0.5727860474213617,1,Yes
0689-NKYLF,0.9728346794881203,1,Yes
9867-NNXLC,0.026796402151108685,0,No
9337-SRRNI,0.014606918759243668,0,No
1850-AKQEP,0.036403908129125424,0,No
5600-KTXFM,0.9738762578733059,1,Yes
7055-HNEOJ,0.9624654608411957,1,Yes
2462-XIIJB,0.9748263174406637,1,Yes
7277-KAMWT,0.02901362402929911,0,No
7691-KGKGP,0.03440850421709906,0,No
7808-DVWEP,0.5087898141087049,1,Yes
2379-GYFLQ,0.10666872819853598,0,No
7325-ENZFI,0.019673876555570593,0,No
8800-ZKRFW,0.9175576077395271,1,Yes
9133-AYJZG,0.9487930909887492,1,Yes
6772-WFQRD,0.014408667705379609,0,No
9670-BPNXF,0.023884716894103125,0,No
2675-IJRGJ,0.017938687909209917,0,No
4829-ZLJTK,0.07678028325604491,0,No
9950-MTGYX,0.01706644254688567,0,No
9755-JHNMN,0.021331478198306515,0,No
3746-EUBYR,0.97376637557399,1,Yes
7929-DMBCV,0.7577561483479072,1,Yes
9640-ZSLDC,0.02062717034602667,0,No
7197-VOJMM,0.019299686097683542,0,No
2696-NARTR,0.535462704021366,1,Yes
0689-DSXGL,0.03211019213994992,0,No
7294-TMAOP,0.9748027266570253,1,Yes
6177-PEVRA,0.026347605115255694,0,No
7410-YTJIK,0.9559588302091829,1,Yes
1410-RSCMR,0.4674200364339014,1,Yes
8800-JOOCF,0.9642031018838937,1,Yes
4526-EXKKN,0.02042567590958437,0,No
0813-TAXXS,0.023547689397727292,0,No
2320-TZRRH,0.027803960931250402,0,No
0841-NULXI,0.9666716188872551,1,Yes
2725-TTRIQ,0.018288688773664057,0,No
4778-IZARL,0.06359492181227634,0,No
2535-PBCGC,0.018140391104450475,0,No
3629-WEAAM,0.6782960798218474,1,Yes
6128-CZOMY,0.959602968537237,1,Yes
9227-UAQFT,0.0286564175534986,0,No
0804-XBFBV,0.13827352610943772,0,No
4503-BDXBD,0.9653885648235542,1,Yes
9626-VFRGG,0.15047531822857593,0,No
4994-OBRSZ,0.12318098609107239,0,No
3654-ARMGP,0.05057388706595054,0,No
0829-XXPLX,0.7606898053116704,1,Yes
8938-UMKPI,0.7318154176397328,1,Yes
4854-SSLTN,0.8397145592671963,1,Yes
9720-JJJOR,0.015893733921230786,0,No
1926-QUZNN,0.017300820143756935,0,No
4900-MSOMT,0.020580396450151257,0,No
8910-ICHIU,0.10793114132734914,0,No
4892-VLANZ,0.9194663035612862,1,Yes
0076-LVEPS,0.03717898572188695,0,No
1666-JXLKU,0.39667657393233957,1,Yes
4003-FUSHP,0.5489046037190729,1,Yes
7696-AMHOD,0.018059890902775714,0,No
8082-GHXOP,0.06230720841018195,0,No
5445-GLVOT,0.4582856670554263,1,Yes
5195-KPUNQ,0.08287717208858802,0,No
3948-XHGNA,0.4496320700164958,1,Yes
9624-EGDEQ,0.01849748375557514,0,No
7551-DACSP,0.2155740052540435,1,Yes
8128-YVJRG,0.9636050711078039,1,Yes
1038-ZAGBI,0.029793835471155126,0,No
9153-BTBVV,0.018075817850673272,0,No
9470-RTWDV,0.0504771304719844,0,No
7554-AKDQF,0.5450818289180466,1,Yes
7241-AJHFS,0.4887156507359588,1,Yes
9633-DENPU,0.08561024147066439,0,No
5480-XTFFL,0.016211151923789933,0,No
7803-XOCCZ,0.04700077834874843,0,No
6549-BTYPG,0.020776012159706137,0,No
9114-AAFQH,0.029210125957052004,0,No
3572-UUHRS,0.01741792225142283,0,No
7666-WKRON,0.09898524586730374,0,No
5192-EBGOV,0.9746558741221892,1,Yes
6502-MJQAE,0.9744367654332219,1,Yes
6400-BWQKW,0.9724167706461939,1,Yes
5928-QLDHB,0.9626494192235429,1,Yes
4376-KFVRS,0.062033820244269205,0,No
3528-HFRIQ,0.04679530689593519,0,No
2718-YSKCS,0.014821470018005403,0,No
2434-EEVDB,0.027505292194624345,0,No
6506-EYCNH,0.021393251363864735,0,No
3396-DKDEL,0.08997395295423853,0,No
3269-ATYWD,0.9033772976097524,1,Yes
1159-WFSGR,0.029326494281959225,0,No
9835-ZIITK,0.3583309762970497,1,Yes
9279-CJEOJ,0.9249891684120412,1,Yes
4720-VSTSI,0.12011732239707686,0,No
1360-JYXKQ,0.10383132323082356,0,No
8388-FYNPZ,0.8433196539516109,1,Yes
7868-TMWMZ,0.05771405185138799,0,No
3466-RITXD,0.8792135383540743,1,Yes
6427-FEFIG,0.040222930496237735,0,No
6518-PPLMZ,0.013405385573749167,0,No
6762-NSODU,0.012469209509033052,0,No
4355-CVPVS,0.025800984898919428,0,No
7629-WIXZF,0.3579496061974662,1,Yes
3049-NDXFL,0.9745790663878832,1,Yes
3566-HJGPK,0.9626778770683301,1,Yes
1460-UZPRJ,0.016248973668550517,0,No
3712-PKXZA,0.0151359611627904,0,No
1623-NLDOT,0.019946308817060904,0,No
5171-EPLKN,0.02237228785854478,0,No
5569-KGJHX,0.967851058055979,1,Yes
7463-IFMQU,0.01806058868396028,0,No
3178-CIFOT,0.02233040478347842,0,No
1095-JUDTC,0.8491218672851034,1,Yes
3719-TDVQB,0.02322790528281809,0,No
4929-XIHVW,0.974183529679431,1,Yes
8106-GWQOK,0.03961251903587121,0,No
4128-ETESU,0.6477905663278002,1,Yes
0661-WCQNQ,0.03555855471105306,0,No
4927-WWOOZ,0.974635348151427,1,Yes
7564-GHCVB,0.02212625574567284,0,No
3445-HXXGF,0.17159704579424812,1,Yes
6670-MFRPK,0.02259839868162837,0,No
6890-PFRQX,0.738050884487985,1,Yes
1552-CZCLL,0.017195159841047258,0,No
2014-MKGMH,0.12545998424472155,0,No
0303-WMMRN,0.38087318654078695,1,Yes
3806-DXQOM,0.7851298482036484,1,Yes
1724-BQUHA,0.9742488500863251,1,Yes
2580-ATZSQ,0.01746221576886526,0,No
7945-PRBVF,0.020628445312634858,0,No
3898-GUYTS,0.9371222611121026,1,Yes
2832-SCUCO,0.3723216197313052,1,Yes
9779-DPNEJ,0.8023898308817808,1,Yes
4915-BFSXL,0.017092431953758903,0,No
5018-LXQQG,0.0642544064694672,0,No
1698-XFZCI,0.05514894359219024,0,No
1872-EBWSC,0.024527864231670724,0,No
4446-BZKHU,0.26865559598517513,1,Yes
4607-CHPCA,0.2393339993390449,1,Yes
9475-NNDGC,0.09937174208471887,0,No
3841-CONLJ,0.9626666465192998,1,Yes
2294-DMMUS,0.027962305930661804,0,No
5921-NGYRH,0.026633993896567086,0,No
1897-OKVMW,0.017772707573673496,0,No
5117-IFGPS,0.9381877564593275,1,Yes
3866-MDTUB,0.9731588393114777,1,Yes
1194-SPVSP,0.9106008911011276,1,Yes
6905-NIQIN,0.9632780181946731,1,Yes
6813-GZQCG,0.012125014607572433,0,No
9896-UYMIE,0.2896223553111592,1,Yes
8849-GYOKR,0.02624163159608671,0,No
5816-JMLGY,0.022924517064390488,0,No
3990-QYKBE,0.8503298311541863,1,Yes
6161-UUUTA,0.97491586876383,1,Yes
0396-UKGAI,0.11306826510582027,0,No
0512-FLFDW,0.047793369809725615,0,No
2946-KIQSP,0.07513333046952912,0,No
0187-WZNAB,0.3797943899359175,1,Yes
6867-ACCZI,0.027141830677558074,0,No
7024-OHCCK,0.9749090166827876,1,Yes
6481-OGDOO,0.023426087599441994,0,No
7377-DMMRI,0.9631923354315195,1,Yes
1963-VAUKV,0.9535064418609256,1,Yes
5919-TMRGD,0.9741970916081312,1,Yes
6994-ORCWG,0.23751791206634756,1,Yes
5144-TVGLP,0.9124501909926414,1,Yes
0328-GRPMV,0.9744887045269482,1,Yes
2905-KFQUV,0.9741050551841065,1,Yes
8637-XJIVR,0.970871689050158,1,Yes
5150-LJNSR,0.4038738056540521,1,Yes
4826-DXMUP,0.03977131277422206,0,No
3518-FSTWG,0.07975438354759243,0,No
2929-ERCFZ,0.969227350446732,1,Yes
1455-UGQVH,0.9662636065746775,1,Yes
8485-GJCDN,0.9680039397906449,1,Yes
0459-SPZHJ,0.031071186864680227,0,No
2169-RRLFW,0.015257083312643633,0,No
8818-DOPVL,0.7611383394191705,1,Yes
1207-BLKSA,0.013809079440001539,0,No
7593-XFKDI,0.96017112383017,1,Yes
5393-RXQSZ,0.9745858271658985,1,Yes
5183-KLYEM,0.04725558877667028,0,No
0923-PNFUB,0.9749191965494973,1,Yes
4134-BSXLX,0.06324601421706082,0,No
1452-XRSJV,0.028745655434481387,0,No
4213-HKBJO,0.032640600760708856,0,No
7750-EYXWZ,0.20304662743469554,1,Yes
7180-PISOG,0.9746138551244009,1,Yes
1356-MKYSK,0.9084045213182664,1,Yes
1212-GLHMD,0.9749924668479155,1,Yes
7228-OMTPN,0.9745478689247663,1,Yes
7682-AZNDK,0.6773034421042067,1,Yes
6286-SUUWT,0.955424216479377,1,Yes
3500-RMZLT,0.967798420682294,1,Yes
4729-XKASR,0.9326615739449596,1,Yes
8364-TRMMK,0.9650074536248371,1,Yes
1000-AJSLD,0.9508941457872283,1,Yes
4393-OBCRR,0.12426278566002712,0,No
0942-KOWSM,0.04811846116335055,0,No
0870-VEMYL,0.8508841604421237,1,Yes
3454-JFUBC,0.02095981561149982,0,No
2592-YKDIF,0.9544016457897595,1,Yes
6941-PMGEP,0.9734926116488395,1,Yes
0511-JTEOY,0.9741907826714589,1,Yes
4323-ELYYB,0.026718622642142843,0,No
9500-LTVBP,0.48704768280937283,1,Yes
8120-JDCAM,0.9675055691853937,1,Yes
1335-NTIUC,0.2702428791722562,1,Yes
6563-VNPMN,0.7341091682673585,1,Yes
0668-OGMHD,0.0755648026636649,0,No
0311-UNPFF,0.8644059890107646,1,Yes
9282-IZGQK,0.9747669373024475,1,Yes
4695-WJZUE,0.9752044081669995,1,Yes
5527-ACHSO,0.770354191374053,1,Yes
5140-FOMCQ,0.02491368539571378,0,No
0410-IPFTY,0.8705250225698176,1,Yes
1333-PBMXB,0.014138329572793304,0,No
1915-OAKWD,0.020102829795251697,0,No
5707-ORNDZ,0.6146093991401316,1,Yes
7969-AULMZ,0.9529367413098444,1,Yes
2700-LUEVA,0.8499107689555225,1,Yes
9099-FTUHS,0.534271805919215,1,Yes
8699-ASUFO,0.9467014076402106,1,Yes
7181-OQCUT,0.9589446683723314,1,Yes
3096-YXENJ,0.03601750797890027,0,No
2495-INZWQ,0.9557871735656527,1,Yes
2193-SFWQW,0.026823978892861467,0,No
3908-MKIMJ,0.029512899205793974,0,No
6736-DHUQI,0.021706345329726002,0,No
2868-MZAGQ,0.9745733179834206,1,Yes
8905-IAZPF,0.12353959311431381,0,No
1215-FIGMP,0.21249043159821607,1,Yes
0772-GYEQQ,0.9735602833946018,1,Yes
9995-HOTOH,0.0186410390318789,0,No
7579-KKLOE,0.024257348084177482,0,No
3594-UVONA,0.07850637078508008,0,No
6641-XRPSU,0.16200342895779615,0,No
5707-ZMDJP,0.018292768568270324,0,No
3307-TLCUD,0.21304835349284543,1,Yes
4797-AXPXK,0.9590586754118218,1,Yes
4869-EPIUS,0.13490186375380456,0,No
8563-IIOXK,0.1630999291151333,0,No
2773-OVBPK,0.03387996730470765,0,No
1353-LJWEM,0.43837768573473995,1,Yes
5868-YTYKS,0.9475306291791764,1,Yes
8713-IGZSO,0.6683947542077666,1,Yes
6050-FFXES,0.03232590659083127,0,No
9300-RENDD,0.9745862826773006,1,Yes
4183-MYFRB,0.8810891787701989,1,Yes
3339-EAQNV,0.2163727003903946,1,Yes
2545-EBUPK,0.9752352554976537,1,Yes
4990-ALDGW,0.01825737748131637,0,No
0970-ETWGE,0.9747876413806482,1,Yes
3671-SHRSP,0.9706193383744101,1,Yes
2308-STERM,0.2424771846961216,1,Yes
1219-NNDDO,0.9625589604277661,1,Yes
3508-CFVZL,0.049227666710379446,0,No
3387-PLKUI,0.028454608811752994,0,No
9702-AIUJO,0.022929974441001713,0,No
8337-UPOAQ,0.971223061116267,1,Yes
1728-CXQBE,0.07588604090908693,0,No
5134-IKDAY,0.9745576658036713,1,Yes
9638-JIQYA,0.9307522154571242,1,Yes
6647-ZEDXT,0.41410867964882087,1,Yes
1579-KLYDT,0.9727118502662293,1,Yes
3985-HOYPM,0.027156618963552294,0,No
6705-LNMDD,0.5175909390934382,1,Yes
6917-FIJHC,0.01872782009225172,0,No
4640-UHDOS,0.5101414434239046,1,Yes
1414-YADCW,0.03509320876737832,0,No
5960-MVTUK,0.9559800152966229,1,Yes
0637-KVDLV,0.9750765347836001,1,Yes
5451-YHYPW,0.10479854592302787,0,No
5813-UECBU,0.7964143358348236,1,Yes
9947-OTFQU,0.9179657640444784,1,Yes
1816-FLZDK,0.9661759586383938,1,Yes
3005-NFMTA,0.5015956539049761,1,Yes
4710-NKCAW,0.5969905804272397,1,Yes
4290-BSXUX,0.9741487068815547,1,Yes
6266-QHOJZ,0.024499313452653496,0,No
6047-SUHPR,0.032981297012972574,0,No
6010-DDPPW,0.01934716444713885,0,No
4374-YMUSQ,0.3488252749846718,1,Yes
1958-RNRKS,0.09271168049064638,0,No
7176-WIONM,0.7016423412626391,1,Yes
9483-GCPWE,0.03148314012511053,0,No
1264-FUHCX,0.029670666419679703,0,No
8887-IPQNC,0.7735441779065415,1,Yes
2921-XWDJH,0.8986910806574975,1,Yes
5574-NXZIU,0.09343566453913482,0,No
8644-XLFBW,0.9742857656183718,1,Yes
4811-JBUVU,0.842810934084378,1,Yes
8970-ANWXO,0.06617666279603532,0,No
0602-DDUML,0.026918246547753075,0,No
5671-RQRLP,0.03469155506042591,0,No
9959-WOFKT,0.08047828579123531,0,No
1208-NBVFH,0.09961920454380707,0,No
6976-BWGLQ,0.014832289250681911,0,No
2178-PMGCJ,0.5451898322028201,1,Yes
7610-TVOPG,0.27831328955450746,1,Yes
7240-ETPTR,0.7591218529573637,1,Yes
6518-LGAOV,0.9222768860959901,1,Yes
2826-DXLQO,0.6083923499107389,1,Yes
5949-HGVJL,0.3732631994027807,1,Yes
3489-VSFRD,0.025002677973537814,0,No
2812-REYAT,0.01642722412148935,0,No
9633-XQABV,0.974441009070938,1,Yes
4102-OQUPX,0.9742126269154497,1,Yes
2900-PHPLN,0.018626320433838866,0,No
9894-QMIMJ,0.049427480452615545,0,No
7596-ZYWBB,0.02281186254447547,0,No
5440-FLBQG,0.488017432405943,1,Yes
3063-QFSZL,0.9672559668415909,1,Yes
4873-ILOLJ,0.9483227815035564,1,Yes
3003-CMDUU,0.9472023373919108,1,Yes
7279-NMVJC,0.03032865873370969,0,No
6478-HRRCZ,0.05926795285142085,0,No
3678-MNGZX,0.015421778557927125,0,No
5902-WBLSE,0.01450927156625149,0,No
7722-CVFXN,0.03295119914167934,0,No
2223-KAGMX,0.03211374412821461,0,No
9803-FTJCG,0.012956399606006383,0,No
6060-QBMGV,0.015303759915114153,0,No
2858-EIMXH,0.07700804001258071,0,No
4741-WWJQZ,0.9723053626982541,1,Yes
9845-PEEKO,0.09292486554811617,0,No
9167-APMXZ,0.7276800565393543,1,Yes
9800-ONTFE,0.3685788739342874,1,Yes
3621-CHYVB,0.06574728915177924,0,No
3177-LASXD,0.9744911770462081,1,Yes
1465-VINDH,0.9616258034272841,1,Yes
2055-SIFSS,0.1501521189271276,0,No
0804-YGEQV,0.013310181298407246,0,No
3346-BRMIS,0.17985512111962765,1,Yes
3130-ICDUP,0.9726413041395168,1,Yes
0732-OCQOC,0.013671321201632601,0,No
4012-YCFAI,0.01916252616436572,0,No
7346-MEDWM,0.0895227031478212,0,No
7036-TYDEC,0.11738470590686333,0,No
6615-NGGZJ,0.9732593809408883,1,Yes
3441-CGZJH,0.0162885879433855,0,No
0208-BPQEJ,0.034631709924855425,0,No
2229-DPMBI,0.02850742665197535,0,No
7159-FVYPK,0.9611334782261154,1,Yes
7544-ZVIKX,0.02095026363297567,0,No
6366-XIVKZ,0.45913491676650325,1,Yes
7137-NAXML,0.024683870822494902,0,No
7126-RBHSD,0.967490064581678,1,Yes
1428-IEDPR,0.03491076338797244,0,No
9465-RWMXL,0.9116599361162606,1,Yes
2908-ZTPNF,0.07681597608991722,0,No
4176-RELJR,0.024396498170795623,0,No
3001-UNBTL,0.9421077624623885,1,Yes
6067-NGCEU,0.17603158451951254,1,Yes
2479-BRAMR,0.3249888921264461,1,Yes
3161-ONRWK,0.015174126535815888,0,No
6349-JDHQP,0.018016651925445763,0,No
1619-YWUBB,0.015727066994317394,0,No
2761-OCIAX,0.9752759411815827,1,Yes
2683-JXWQQ,0.017786851948235042,0,No
9585-KKMFD,0.013487882135503008,0,No
7524-VRLPL,0.03815864810898819,0,No
3780-DDGSE,0.41209093683441234,1,Yes
2207-OBZNX,0.7462455561359982,1,Yes
0023-UYUPN,0.022353301467032148,0,No
5975-BAICR,0.05338673297883931,0,No
2669-OIDSD,0.29170430717697676,1,Yes
8146-QQKZH,0.025256140650945967,0,No
2307-FYNNL,0.1425145084178214,0,No
2985-FMWYF,0.7079887892368669,1,Yes
5387-ASZNZ,0.036034332655783846,0,No
5349-AZPEW,0.7190409089765044,1,Yes
9481-IEBZY,0.1889389997957672,1,Yes
9818-XQCUV,0.5949672671619503,1,Yes
3750-RNQKR,0.04272068026584726,0,No
5442-UTCVD,0.9744041200723031,1,Yes
3649-JPUGY,0.037282483086420425,0,No
2195-VVRJF,0.5059490518270221,1,Yes
1271-UODNO,0.026631654406805195,0,No
0118-JPNOY,0.8835174325022365,1,Yes
9499-XPZXM,0.025478078911161463,0,No
7343-EOBEU,0.4351320085509629,1,Yes
3877-JRJIP,0.9704075399115542,1,Yes
5498-TXHLF,0.8886339783071526,1,Yes
3969-GYXEL,0.9635528780844665,1,Yes
5730-DBDSI,0.017503189786288925,0,No
2868-SNELZ,0.974537749870609,1,Yes
7797-EJMDP,0.5919178266625527,1,Yes
4067-HLYQI,0.516977782008287,1,Yes
4231-LZUYM,0.016896398288620464,0,No
3638-WEABW,0.01805582956153993,0,No
5060-TQUQN,0.5066516971504778,1,Yes
7802-EFKNY,0.6250125818187235,1,Yes
7576-JMYWV,0.8984908497179432,1,Yes
3496-LFSZU,0.9714789899964791,1,Yes
4795-WRNVT,0.3664748054608138,1,Yes
3938-YFPXD,0.02357680118679184,0,No
6651-AZVTJ,0.1792378345778513,1,Yes
3658-KIBGF,0.9597920982624125,1,Yes
4143-HHPMK,0.46087616391703495,1,Yes
4821-WQOYN,0.01481407649286807,0,No
4291-HYEBC,0.12286065949533777,0,No
8849-AYPTR,0.7910156749891156,1,Yes
3898-BSJYF,0.12043119490836365,0,No
7562-GSUHK,0.824612318130246,1,Yes
3523-QRQLL,0.03463479499565427,0,No
9661-JALZV,0.014964095043520498,0,No
4670-TABXH,0.22608075917636322,1,Yes
7966-YOTQW,0.7707080333653908,1,Yes
3694-GLTJM,0.2110066136253578,1,Yes
8835-VSDSE,0.974618576275907,1,Yes
3721-CNEYS,0.9749158525149909,1,Yes
9667-TKTVZ,0.9698101430496137,1,Yes
2927-CVULT,0.021017865792974485,0,No
6595-YGXIT,0.9304258149900192,1,Yes
0864-FVJNJ,0.02699704333281545,0,No
4537-DKTAL,0.9661935162864986,1,Yes
3466-WAESX,0.7032641705111343,1,Yes
2483-XSSMZ,0.05202429514416198,0,No
4163-KIUHY,0.042728581705442664,0,No
8486-AYEQH,0.7075489083176538,1,Yes
0516-WJVXC,0.6872699433239149,1,Yes
5304-EFJLP,0.09379035894363862,0,No
4137-BTIKL,0.9749046074748153,1,Yes
2863-IMQDR,0.05317331292925735,0,No
2930-UOTMB,0.11242693182155646,0,No
5673-TIYIB,0.943504433690301,1,Yes
3645-DEYGF,0.86785311383758,1,Yes
1099-GODLO,0.3122911938517166,1,Yes
1955-IBMMB,0.017888591281781965,0,No
6857-VWJDT,0.9741239797519394,1,Yes
6410-LEFEN,0.9032666821034225,1,Yes
6692-UDPJC,0.9685280013976546,1,Yes
7858-GTZSP,0.9729620797750785,1,Yes
5232-NXPAY,0.02729184495543619,0,No
1355-KUSBG,0.6470583249058213,1,Yes
1174-FGIFN,0.24972684934069989,1,Yes
8750-QWZAJ,0.015492370021044172,0,No
7850-THJMU,0.021180061879269945,0,No
0310-MVLET,0.057690246743362206,0,No
2623-DRYAM,0.040541368371534325,0,No
1905-OEILC,0.8576900873417461,1,Yes
6899-PPEEA,0.9353436749889675,1,Yes
3104-OWCGK,0.046643967544362404,0,No
5287-QWLKY,0.3258846159056102,1,Yes
2603-HVKCG,0.91516549419554,1,Yes
9845-QOMAD,0.023593154397734135,0,No
4816-OKWNX,0.022523200652621332,0,No
9103-CXVOK,0.7342860016672458,1,Yes
2845-AFFTX,0.514189045394484,1,Yes
7776-QWNFX,0.5137841489402152,1,Yes
1468-DEFNC,0.020802896773397438,0,No
7905-NJMXS,0.22371660643685645,1,Yes
1866-OBPNR,0.9739853581424788,1,Yes
3720-DBRWL,0.027317394016543452,0,No
5073-RZGBK,0.030872070476635642,0,No
0129-QMPDR,0.013615039108321101,0,No
2560-PPCHE,0.08107767905102374,0,No
1496-GGSUK,0.9612683202937017,1,Yes
4671-LXRDQ,0.9677850958223527,1,Yes
9432-RUVSL,0.039130450025911895,0,No
3992-YWPKO,0.967128462233802,1,Yes
8980-WQFWL,0.685421372453036,1,Yes
0212-ISBBF,0.76324527256814,1,Yes
7722-VJRQD,0.02500164843793518,0,No
4135-FRWKJ,0.04368554430938776,0,No
5161-UBZXI,0.03499368949965686,0,No
5327-XOKKY,0.03207882805015338,0,No
3988-RQIXO,0.974876411811615,1,Yes
0479-HMSWA,0.4408896378673631,1,Yes
6923-AQONU,0.022453407863700803,0,No
5562-YJQGT,0.5661638736078263,1,Yes
7598-UAASY,0.9746340788231594,1,Yes
7251-LJBQN,0.5972543043431838,1,Yes
4910-GMJOT,0.9741589069592795,1,Yes
0257-ZESQC,0.5342429510972133,1,Yes
4765-OXPPD,0.11875529348057752,0,No
6583-QGCSI,0.5982449072480027,1,Yes
9805-FILKB,0.013157929334414186,0,No
2706-QZIHY,0.04539203274319465,0,No
7673-LPRNY,0.15816440623183922,0,No
6778-YSNIH,0.9703096823284777,1,Yes
9050-QLROH,0.9561794399485355,1,Yes
0707-HOVVN,0.038030895096769726,0,No
7102-JJVTX,0.21270576168988475,1,Yes
1810-MVMAI,0.18615819237807585,1,Yes
7993-NQLJE,0.9263394241397718,1,Yes
9281-OFDMF,0.8733749497050446,1,Yes
6789-HJBWG,0.8278964051103928,1,Yes
2139-FQHLM,0.9556254324932603,1,Yes
3723-BFBGR,0.7650175689524812,1,Yes
0639-TSIQW,0.10226747682713332,0,No
8626-PTQGE,0.01932042041513536,0,No
3541-ZNUHK,0.059051841005442654,0,No
4568-KNYWR,0.022372185869520996,0,No
9658-WYUFB,0.9728208740720768,1,Yes
0997-YTLNY,0.4734467697642919,1,Yes
3208-YPIOE,0.6238250380112854,1,Yes
7707-PYBBH,0.07148447589167738,0,No
9313-QOLTZ,0.03442278514288111,0,No
6654-QGBZZ,0.9552579141865811,1,Yes
6877-LGWXO,0.9650589874481634,1,Yes
8020-BWHYL,0.9545990739207235,1,Yes
3594-IVHJZ,0.520682513704716,1,Yes
9507-EXLTT,0.9738955414094425,1,Yes
9793-WECQC,0.9519500887544868,1,Yes
1266-NZYUI,0.016930737742386938,0,No
2342-CKIAO,0.5597878212628193,1,Yes
6963-EZQEE,0.040393170024487904,0,No
2796-NNUFI,0.014529744660335702,0,No
3486-NPGST,0.02135205323560918,0,No
9070-BCKQP,0.032148081830285,0,No
7742-MYPGI,0.49858212612389513,1,Yes
9929-PLVPA,0.08647778383100184,0,No
9124-LHCJQ,0.9745654910917912,1,Yes
2792-LSHWX,0.969723671935536,1,Yes
9330-IJWIO,0.9688998797349813,1,Yes
0617-AQNWT,0.02293486871065337,0,No
0895-UADGO,0.14989156456045968,0,No
7255-SSFBC,0.02637340085525383,0,No
5834-ASPWA,0.9745134884751009,1,Yes
4132-KALRO,0.9726856280797412,1,Yes
8064-RAVOH,0.9429392209387749,1,Yes
8028-PNXHQ,0.01354822251069146,0,No
9508-ILZDG,0.9451183065041624,1,Yes
4361-JEIVL,0.9589980613256482,1,Yes
2430-USGXP,0.9530025436299562,1,Yes
5965-GGPRW,0.022364582633642077,0,No
2542-HYGIQ,0.9472761578326065,1,Yes
1035-IPQPU,0.22954426308191025,1,Yes
3617-XLSGQ,0.05665140806086326,0,No
9107-UKCKY,0.048761112967373295,0,No
5146-YYFRZ,0.01904153632508073,0,No
5649-VUKMC,0.9521178871431177,1,Yes
3472-OAOOR,0.050987558830331195,0,No
0397-ZXWQF,0.017131397755355156,0,No
1346-UFHAX,0.9689017643031407,1,Yes
7252-NTGSS,0.9634397391400839,1,Yes
3198-VELRD,0.9742558673118596,1,Yes
3407-QGWLG,0.21729341848744546,1,Yes
9874-QLCLH,0.9659983480376464,1,Yes
8668-KNZTI,0.04912409348017207,0,No
8249-THVEC,0.016220865820204756,0,No
6060-DRTNL,0.9736527390422721,1,Yes
6773-LQTVT,0.2324395503993151,1,Yes
7853-GVUDZ,0.9217210128251011,1,Yes
4897-QSUYC,0.95108316902748,1,Yes
5197-PYEPU,0.08089825821049008,0,No
3785-NRHYR,0.9241272244001946,1,Yes
6087-MVHJH,0.9721227838992009,1,Yes
1685-VAYJF,0.806913705351395,1,Yes
9912-GVSEQ,0.9460470507542743,1,Yes
4636-OLWOE,0.024893099361667233,0,No
9600-UDOPK,0.8786395126737577,1,Yes
8631-NBHFZ,0.043280655389161225,0,No
1053-MXTTK,0.05115740781587063,0,No
3549-ZTMNH,0.031178652593675707,0,No
7825-ECJRF,0.9616250074817666,1,Yes
6439-LAJXL,0.5953585611610006,1,Yes
8042-RNLKO,0.020280802840708784,0,No
4881-JVQOD,0.5179835118192813,1,Yes
9593-CVZKR,0.014444293108412335,0,No
9972-EWRJS,0.013651059957970706,0,No
9888-ZCUMM,0.012773009556792852,0,No
1265-ZFOSD,0.029876595499894795,0,No
6078-VESFR,0.1903849321410113,1,Yes
0306-JAELE,0.9739389336620898,1,Yes
7075-BNDVQ,0.8566001263173775,1,Yes
2208-MPXIO,0.014120934070589916,0,No
3096-GKWEB,0.9698264048016878,1,Yes
7404-JLKQG,0.9703643715181698,1,Yes
5049-GLYVG,0.8931963412795878,1,Yes
6704-UTUKK,0.15082084353356937,0,No
9397-TZSHA,0.019333342217009896,0,No
4686-UXDML,0.9477312220514339,1,Yes
3808-HFKDE,0.18019632220413595,1,Yes
3580-HYCSP,0.021735935755958263,0,No
9795-VOWON,0.04544493753883552,0,No
2159-TURXX,0.2308460704358668,1,Yes
0096-BXERS,0.6837901372430758,1,Yes
6507-DTJZV,0.5385353925713853,1,Yes
9962-BFPDU,0.9466750742346284,1,Yes
4587-NUKOX,0.9741307756108585,1,Yes
4060-LDNLU,0.9739464534016595,1,Yes
2379-ENZGV,0.9728414528415056,1,Yes
4877-EVATK,0.9555193824502465,1,Yes
9442-JTWDL,0.035825544578378526,0,No
2748-MYRVK,0.08971754496507824,0,No
3966-HRMZA,0.9750013883515326,1,Yes
2862-JVEOY,0.034894846869341294,0,No
9489-DEDVP,0.016123812856733477,0,No
9469-WEJBT,0.8766496440195449,1,Yes
2384-OVPSA,0.02254095796314865,0,No
2186-QZEYA,0.15931170819722254,0,No
6202-JVYEU,0.03330304805413399,0,No
6419-ZTTLE,0.03215755353906266,0,No
1891-UAWWU,0.36418132294602584,1,Yes
6963-KQYQB,0.014020397430102706,0,No
2521-NPUZR,0.03651664084263932,0,No
8242-SOQUO,0.9743402493964509,1,Yes
9823-EALYC,0.022801351303763588,0,No
2314-TNDJQ,0.019218127049410307,0,No
9714-EDSUC,0.9706205785777923,1,Yes
1383-EZRWL,0.036919864452501346,0,No
6617-WLBQC,0.06842317697617763,0,No
6652-YFFJO,0.861813635816217,1,Yes
1401-FTHFQ,0.021370155283995492,0,No
1803-BGNBD,0.40075866287738326,1,Yes
1470-PSXNM,0.05300600677135952,0,No
9185-TQCVP,0.9621422833163407,1,Yes
6481-LXPWL,0.01467815540552747,0,No
5066-GFJMM,0.5351244982715245,1,Yes
7519-JTWQH,0.24471627059436252,1,Yes
9957-YODKZ,0.972353892613264,1,Yes
8430-TWCBX,0.017106874612940526,0,No
5955-ERIHD,0.9693112708144056,1,Yes
5186-SAMNZ,0.9736865118916077,1,Yes
5759-RCVCB,0.9635838970338358,1,Yes
0220-EBGCE,0.975119533540754,1,Yes
7427-AUFPY,0.016720936523469947,0,No
3221-CJMSG,0.18312861962037333,1,Yes
4194-FJARJ,0.016361541495681992,0,No
8138-EALND,0.03163262267060182,0,No
8345-MVDYC,0.07801886704491164,0,No
6119-SPUDB,0.02233529215806134,0,No
1202-KKGFU,0.32674062269273024,1,Yes
6556-DBKZF,0.030671638469019165,0,No
6339-DKLMK,0.4484947832009857,1,Yes
1977-STDKI,0.9743430496058207,1,Yes
4001-TSBTV,0.08842308912727946,0,No
7912-SYRQT,0.9420593033743366,1,Yes
4779-ZGICK,0.012533651823403576,0,No
0670-ANMUU,0.1164358980694818,0,No
8735-NBLWT,0.040645527881323584,0,No
8930-XOTDP,0.10360725916362888,0,No
6380-ARCEH,0.9559990488787908,1,Yes
1167-OYZJF,0.020381958049072047,0,No
1628-BIZYP,0.9749074795716668,1,Yes
6284-KMNUF,0.08222275570673439,0,No
4676-WLUHT,0.031131440389304363,0,No
2138-VFAPZ,0.023774977222667498,0,No
8648-PFRMP,0.6826309402321136,1,Yes
8097-VBQTZ,0.05721406235357248,0,No
6087-YPWHO,0.025369130759239203,0,No
8109-YUOHE,0.18959791915347252,1,Yes
3807-XHCJH,0.8931292518955376,1,Yes
0524-IAVZO,0.9198632579850768,1,Yes
8957-THMOA,0.013742030186207368,0,No
7521-YXVZY,0.4129178674126847,1,Yes
7077-XJMET,0.6038125943050556,1,Yes
9625-QSTYE,0.9426431192334106,1,Yes
7924-GJZFI,0.10259424134760697,0,No
2034-GDRCN,0.975161234685562,1,Yes
4186-ZBUEW,0.09358521834861341,0,No
4026-SKKHW,0.960868295532058,1,Yes
8548-AWOFC,0.0365628061811142,0,No
0680-DFNNY,0.9712350967518071,1,Yes
7501-IWUNG,0.019828299467908247,0,No
7176-WRTNX,0.18819206754345905,1,Yes
8450-UYIBU,0.19284241415171482,1,Yes
1794-HBQTJ,0.9469705251975405,1,Yes
1862-QRWPE,0.012847985245019218,0,No
2996-XAUVF,0.028355554959829023,0,No
7145-FEJWU,0.9708786157148823,1,Yes
6710-HSJRD,0.3298476573618713,1,Yes
7530-HDYDS,0.47167670843565174,1,Yes
8042-JVNFH,0.974191297704521,1,Yes
5127-BZENZ,0.022316273989782365,0,No
0876-WDUUZ,0.9715911194810127,1,Yes
0356-ERHVT,0.7939703551550847,1,Yes
9912-OMZDS,0.024824953820566004,0,No
2275-RBYQS,0.9626710054544761,1,Yes
0917-EZOLA,0.17668695206419877,1,Yes
2749-CTKAJ,0.023900547648389028,0,No
5160-UXJED,0.0402339974274416,0,No
7244-QWYHG,0.027611118855846016,0,No
4226-KKDON,0.5269466429009478,1,Yes
7018-FPXHH,0.01771057194878697,0,No
9897-KXHCM,0.9746253108627271,1,Yes
1222-KJNZD,0.013619293683319919,0,No
2452-KDRRH,0.563301475516948,1,Yes
6892-EZDTG,0.9733128162809468,1,Yes
6980-CDGFC,0.01648027521381117,0,No
5071-FBJFS,0.9330353331379589,1,Yes
4018-PPNDW,0.013600775918121533,0,No
9066-QRSDU,0.019349360472277158,0,No
0318-ZOPWS,0.017360421772797747,0,No
0419-YAAPX,0.1995533880341298,1,Yes
9786-IJYDL,0.23573328459431936,1,Yes
4195-PNGZS,0.014371392637991458,0,No
9372-TXXPS,0.02201721455115967,0,No
7734-DBOAI,0.9615468053420825,1,Yes
2858-MOFSQ,0.13617802729814024,0,No
8180-AKMJV,0.9620634196336398,1,Yes
2690-DVRVK,0.04960820139355984,0,No
1790-NESIO,0.028541335398610753,0,No
8083-YTZES,0.9737854006706131,1,Yes
0661-KBKPA,0.03659786725362366,0,No
4139-DETXS,0.022982531235811066,0,No
1395-WSWXR,0.029390089180524385,0,No
9546-KDTRB,0.04306767983167238,0,No
4291-HPAXL,0.9491373515035705,1,Yes
6198-ZFIOJ,0.9711454284795799,1,Yes
7472-EQOAV,0.0440677863557543,0,No
5997-OPVFA,0.037691625967122215,0,No
5236-XMZJY,0.03987573141092872,0,No
3873-NFTGI,0.5957315645575294,1,Yes
8695-WDYEA,0.9643562567730041,1,Yes
4342-HENTK,0.9747875666794976,1,Yes
8580-QVLOC,0.08256313910042992,0,No
3143-JQEGI,0.9235001243203,1,Yes
4465-VDKIQ,0.8977233310921583,1,Yes
0824-VWDPO,0.07928029481524577,0,No
3162-KKZXO,0.1870666310514451,1,Yes
8445-DNBAE,0.9400321675676534,1,Yes
2111-DWYHN,0.8942705490392073,1,Yes
2662-NNTDK,0.018228114322221777,0,No
7502-BNYGS,0.039009704235974454,0,No
5372-FBKBN,0.031161372160159847,0,No
4597-NUCQV,0.9659162248167914,1,Yes
0020-JDNXP,0.03384473326116393,0,No
6599-GZWCM,0.7196212646792034,1,Yes
4342-HFXWS,0.026421874378021792,0,No
5035-PGZXH,0.05919460601396733,0,No
8216-AZUUZ,0.0978133282693335,0,No
5542-DHSXL,0.8587035436822863,1,Yes
8498-XXGWA,0.024854615677519724,0,No
6542-LWGXJ,0.9102364237507367,1,Yes
6248-TKCQV,0.028928137319391665,0,No
3068-OMWZA,0.9748531204014725,1,Yes
2430-RRYUW,0.023603339191167416,0,No
8292-TYSPY,0.45752798243502,1,Yes
4589-IUAJB,0.017326801167357176,0,No
5693-PIPCS,0.05167460670949995,0,No
7446-KQISO,0.03037720052302363,0,No
0048-PIHNL,0.017382020386484492,0,No
6284-AHOOQ,0.8377465858411838,1,Yes
2805-EDJPQ,0.021675556876250134,0,No
9103-TCIHJ,0.18462995810462265,1,Yes
9402-ROUMJ,0.024899988874080018,0,No
5562-BETPV,0.3098270026274615,1,Yes
3167-SNQPL,0.797756146203465,1,Yes
0810-DHDBD,0.02854909130729986,0,No
1776-SPBWV,0.01944314331940339,0,No
9537-JALFH,0.015523875523965216,0,No
0702-PGIBZ,0.9719779742768894,1,Yes
3055-VTCGS,0.030474510223251098,0,No
9548-LERKT,0.026639340523977924,0,No
6794-HKIAJ,0.03669540054958369,0,No
9531-NSBMR,0.0217907265727146,0,No
6368-NWMCE,0.18723939149973193,1,Yes
0643-OKLRP,0.5940012264063473,1,Yes
9948-YPTDG,0.824476459501821,1,Yes
4879-GZLFH,0.22541944975030212,1,Yes
8098-TDCBU,0.018088144370327547,0,No
5122-CYFXA,0.9701800237368836,1,Yes
9889-TMAHG,0.9709156192295133,1,Yes
5357-TZHPP,0.9710284207373404,1,Yes
1474-JUWSM,0.021860961390340983,0,No
8399-YNDCH,0.7289087769797392,1,Yes
3847-BAERP,0.03883155129219742,0,No
9402-CXWPL,0.05520731058580629,0,No
5049-MUBWG,0.07411674448959867,0,No
4039-HEUNW,0.9218973886164947,1,Yes
5803-NQJZO,0.020198495176503708,0,No
4116-TZAQJ,0.9438740357840388,1,Yes
9094-AZPHK,0.9589950050037643,1,Yes
6121-TNHBO,0.048371264129058844,0,No
1564-HJUVY,0.9187876425384305,1,Yes
7407-SUJIZ,0.032272679088216225,0,No
5468-BPMMO,0.01533652395012528,0,No
9168-INPSZ,0.9506058594638445,1,Yes
8942-DBMHZ,0.04611485822756422,0,No
8705-WZCYL,0.9598755215697888,1,Yes
0322-YINQP,0.9479264200690293,1,Yes
7000-WCEVQ,0.4945047493571383,1,Yes
9739-JLPQJ,0.05963077274972039,0,No
2794-XIMMO,0.03793923197542668,0,No
9565-AXSMR,0.013614444104476238,0,No
2880-FPNAE,0.9749865734146159,1,Yes
3316-UWXUY,0.18368802203214013,1,Yes
9824-BEMCV,0.9250142861274978,1,Yes
3256-EZDBI,0.09248285404070847,0,No
1226-IENZN,0.951235583008773,1,Yes
2823-LKABH,0.9658141600823742,1,Yes
6161-ERDGD,0.03378327813696971,0,No
2137-DQMEV,0.0199056025644294,0,No
2424-WVHPL,0.9743781341960619,1,Yes
9945-PSVIP,0.020539664038744524,0,No
2840-XANRC,0.9165038255894699,1,Yes
8008-HAWED,0.6182336775206954,1,Yes
0412-UCCNP,0.029113442319174135,0,No
6402-SSEJG,0.1559095604458548,0,No
8049-WJCLQ,0.6480133737471816,1,Yes
2830-LEWOA,0.018360961240396514,0,No
9780-FKVVF,0.8100465552824622,1,Yes
5014-GSOUQ,0.030361255161641898,0,No
0396-HUJBP,0.5899642755315525,1,Yes
8356-WUAOJ,0.9568565666284584,1,Yes
5442-BHQNG,0.9742731545042984,1,Yes
5655-JSMZM,0.8520012286085504,1,Yes
7065-YUNRY,0.9626710054544761,1,Yes
5161-XEUVX,0.18393087431952462,1,Yes
9068-FHQHD,0.014417084154633516,0,No
8017-LXHFA,0.45925898899353523,1,Yes
0786-IVLAW,0.37360127160585377,1,Yes
6100-QQHEB,0.9388831879858905,1,Yes
2642-DTVCO,0.9733892059142332,1,Yes
0147-ESWWR,0.6238810458063592,1,Yes
2335-GSODA,0.027486987026806086,0,No
9602-WCXPI,0.018055191998293967,0,No
0329-GTIAJ,0.973792271202617,1,Yes
8241-JUIQO,0.018879300506036395,0,No
0581-MDMPW,0.9156681374002825,1,Yes
9314-IJWSQ,0.9690561320661257,1,Yes
8532-UEFWH,0.016141504914017765,0,No
7861-UVUFT,0.9570968386531741,1,Yes
8383-SGHJU,0.07130446869957416,0,No
8755-IWJHN,0.44920506006679456,1,Yes
0123-CRBRT,0.02863044791290789,0,No
2223-GDSHL,0.03194314736850308,0,No
8189-HBVRW,0.08417078476071636,0,No
8495-PRWFH,0.317808930634625,1,Yes
6092-QZVPP,0.6240682452945895,1,Yes
5129-JLPIS,0.9625104847689753,1,Yes
1614-JBEBI,0.037182423195991264,0,No
0637-YLETY,0.964314801200859,1,Yes
0135-NMXAP,0.9718491448068401,1,Yes
7892-POOKP,0.7851116816706334,1,Yes
8161-QYMTT,0.9734689144500789,1,Yes
3001-CBHLQ,0.8901771190660905,1,Yes
8945-GRKHX,0.974209679464632,1,Yes
4625-EWPTF,0.7539329234862358,1,Yes
1343-EHPYB,0.02789736884914808,0,No
0375-HVGXO,0.9661927085642174,1,Yes
0330-BGYZE,0.018212694614109064,0,No
5989-PGKJB,0.964983593598946,1,Yes
8752-GHJFU,0.06231961766004031,0,No
4851-BQDNX,0.16815054226914017,0,No
7240-FQLHE,0.9531944588829577,1,Yes
6175-IRFIT,0.9720053126697771,1,Yes
6538-POCHL,0.5777115731499893,1,Yes
3078-ZKNTS,0.02513884792368166,0,No
5777-KJIRB,0.0658962436527745,0,No
7923-IYJWY,0.16884980372040476,1,Yes
2810-FTLEM,0.5618942995821626,1,Yes
1265-HVPZB,0.0198540789300279,0,No
9796-BPKIW,0.9118527392018696,1,Yes
9178-JHUVJ,0.02022794432936964,0,No
4732-RRJZC,0.03354780422083501,0,No
7010-BRBUU,0.01463325785191298,0,No
9688-YGXVR,0.2562393956106567,1,Yes
9286-DOJGF,0.2714541249276533,1,Yes
6994-KERXL,0.9224682474748335,1,Yes
2181-UAESM,0.9655052391600463,1,Yes
4312-GVYNH,0.02030015061959645,0,No
2495-KZNFB,0.904303707353095,1,Yes
4367-NHWMM,0.9652989257906714,1,Yes
8898-KASCD,0.023692661229873478,0,No
8016-NCFVO,0.15714070632472438,0,No
4578-PHJYZ,0.029482482858595106,0,No
2091-MJTFX,0.04126306648562525,0,No
2277-DJJDL,0.07637725707685468,0,No
2511-MORQY,0.021009871926093403,0,No
2731-GJRDG,0.08138728451614669,0,No
1784-EZDKJ,0.040815198478023076,0,No
2468-SJFLM,0.9742720821899092,1,Yes
5115-SQAAU,0.014902500763611654,0,No
8708-XPXHZ,0.7449871287635389,1,Yes
0601-WZHJF,0.6508277080944459,1,Yes
0463-TXOAK,0.015912184523396267,0,No
4683-WYDOU,0.056087462029619464,0,No
1166-PQLGG,0.013640981220528176,0,No
0963-ZBDRN,0.5862719115545513,1,Yes
4871-JTKJF,0.9742490071746251,1,Yes
7173-TETGO,0.04627226081114964,0,No
4193-ORFCL,0.9530877095377489,1,Yes
2692-PFYTJ,0.9514228640884622,1,Yes
2369-UAPKZ,0.971965122883937,1,Yes
5193-QLVZB,0.03495333240419215,0,No
0379-DJQHR,0.02159991097824108,0,No
4657-FWVFY,0.7451359108753852,1,Yes
0623-EJQEG,0.026215842919691153,0,No
1699-TLDLZ,0.025894460565125108,0,No
4501-UYKBC,0.03755420789320711,0,No
8158-WPEZG,0.4694556690966945,1,Yes
9732-EQMWY,0.7000198529814922,1,Yes
1099-BTKWT,0.025868266730100703,0,No
4815-TUMEQ,0.03653180827555026,0,No
6407-UTSLV,0.9747446032878718,1,Yes
0018-NYROU,0.9625510122170161,1,Yes
4632-XJMEX,0.023687253710669393,0,No
1409-PHXTF,0.04892777509646814,0,No
8229-TNIQA,0.9620298952992676,1,Yes
0529-ONKER,0.9644918010390064,1,Yes
3675-YDUPJ,0.04191766450096567,0,No
4484-CGXFK,0.9625202672546455,1,Yes
4443-EMBNA,0.015609648186208353,0,No
4280-DLSHD,0.4272611847715912,1,Yes
9300-AGZNL,0.9745155861937453,1,Yes
2789-CZANW,0.02756242584636697,0,No
8464-EETCQ,0.01724937681112043,0,No
7216-EWTRS,0.9728355327711237,1,Yes
4468-KAZHE,0.3072135174644399,1,Yes
8623-ULFNQ,0.3207828419557609,1,Yes
9317-WZPGV,0.9742097278979843,1,Yes
8947-YRTDV,0.11424966125720418,0,No
1814-DKOLC,0.5689399426280943,1,Yes
8071-SBTRN,0.04611617341718638,0,No
4701-MLJPN,0.11568970143618391,0,No
1205-WNWPJ,0.8287519929962514,1,Yes
6158-HDPXZ,0.9666300529849724,1,Yes
6683-VLCTZ,0.898306312257861,1,Yes
3727-OWVYD,0.04755819416595838,0,No
0856-NAOES,0.753557715089352,1,Yes
0562-FGDCR,0.01969776612219793,0,No
0956-SYCWG,0.03038672852726647,0,No
2277-VWCNI,0.9606058055035905,1,Yes
3498-LZGQZ,0.015082586696340687,0,No
9135-MGVPY,0.02250356830051098,0,No
3815-SLMEF,0.5406417117141789,1,Yes
4513-CXYIX,0.05233783685386999,0,No
8944-AILEF,0.02450652894746624,0,No
1270-XKUCC,0.020470618095616813,0,No
6633-SYEUS,0.40187519985096837,1,Yes
8075-GXIUB,0.035719986995406766,0,No
6016-NXBNJ,0.021142234264140473,0,No
9332-GYWLO,0.4087940756604262,1,Yes
3276-HDUEG,0.9742064819098077,1,Yes
5884-FBCTL,0.013979511237003969,0,No
8999-YPYBV,0.03056695195590862,0,No
1522-VVDMG,0.9694174999631984,1,Yes
0848-SOMKO,0.023107504955440894,0,No
1657-DYMBM,0.015214628283987645,0,No
6923-EFPNL,0.9449986273346698,1,Yes
2167-FQSTQ,0.025823411187385934,0,No
9286-BHDQG,0.019348855263560345,0,No
7225-CBZPL,0.9629576066571981,1,Yes
5605-IYGFG,0.8671393515108948,1,Yes
6861-OKBCE,0.03976683358183175,0,No
7571-YXDAD,0.9742088076462269,1,Yes
0254-FNMCI,0.08925183664399973,0,No
8981-FJGLA,0.9520260665405778,1,Yes
8414-MYSHR,0.9744561481347055,1,Yes
9274-CNFMO,0.973088446294363,1,Yes
3794-NFNCH,0.12871761434742057,0,No
5158-RIVOP,0.028954559407510877,0,No
1100-DDVRV,0.741522082772565,1,Yes
9522-BNTHX,0.06874332344474067,0,No
3677-IYRBF,0.9375007797743944,1,Yes
7009-PCARS,0.014845243080170146,0,No
8250-ZNGGW,0.9095664140092259,1,Yes
0967-BMLBD,0.029162585911305296,0,No
7594-RQHXR,0.9741970916081312,1,Yes
8966-SNIZF,0.016195831158430634,0,No
7235-NXZCP,0.9748449357607273,1,Yes
0122-OAHPZ,0.9625788953164995,1,Yes
7815-PDTHL,0.023073091299601417,0,No
8331-ZXFOE,0.027955973979475003,0,No
8901-UPRHR,0.12296304440352886,0,No
3563-SVYLG,0.020976696780994144,0,No
3205-MXZRA,0.08259852729560692,0,No
5392-AKEMH,0.8864220104499493,1,Yes
8201-AAXCB,0.13961681777621282,0,No
6919-ELBGL,0.10154724300114651,0,No
0530-IJVDB,0.23718868909971877,1,Yes
5047-LHVLY,0.9447913671127705,1,Yes
8404-FYDIB,0.7016424813682981,1,Yes
3415-TAILE,0.9658327152524393,1,Yes
2819-GWENI,0.021557203608370996,0,No
6164-HXUGH,0.03762557461435388,0,No
6762-QVYJO,0.022446328611240036,0,No
5046-NUHWD,0.09905045535334382,0,No
0106-GHRQR,0.32958285300357054,1,Yes
8374-XGEJJ,0.9193156578806252,1,Yes
2546-KZAAT,0.034332465592651025,0,No
7569-NMZYQ,0.09008607367796767,0,No
3279-DYZQM,0.015422310748760824,0,No
0374-FIUCA,0.0144018040181787,0,No
3714-NTNFO,0.23439619803237743,1,Yes
8705-DWKTI,0.18565431817760292,1,Yes
4195-SMMNX,0.6868532968666073,1,Yes
2599-CIPQE,0.023285652938443275,0,No
5136-GFPMB,0.21462839628739863,1,Yes
6476-YHMGA,0.5767393334317041,1,Yes
3055-MJDSB,0.06088295439803145,0,No
7516-GMHUV,0.0883404605720065,0,No
5940-NFXKV,0.9121555403576062,1,Yes
3597-YASZG,0.18837822840130336,1,Yes
3786-WOVKF,0.25953737147575373,1,Yes
2806-MLNTI,0.1848453435584056,1,Yes
0799-DDIHE,0.06970397940234135,0,No
9926-PJHDQ,0.018655904156674726,0,No
0334-GDDSO,0.9751722018957054,1,Yes
2371-KFUOG,0.049133559679445556,0,No
4634-JLRJT,0.9485917340869293,1,Yes
5886-VLQVU,0.5756242542349065,1,Yes
3194-ORPIK,0.2467972878261451,1,Yes
6048-NJXHX,0.01671632744391406,0,No
7860-KSUGX,0.01833528445705803,0,No
2925-MXLSX,0.0675066350145955,0,No
2933-FILNV,0.7757813312914169,1,Yes
7758-XKCBS,0.3977172521363357,1,Yes
2027-DNKIV,0.02087115494376892,0,No
4751-ERMAN,0.01853003257409077,0,No
8224-KDLKN,0.014143238369442625,0,No
7929-SKFGK,0.10074834964951411,0,No
8329-IBCTI,0.9241272244001946,1,Yes
5016-IBERQ,0.7907134062160144,1,Yes
5405-ZMYXQ,0.9401219480042384,1,Yes
7841-TZDMQ,0.966824067597299,1,Yes
9754-CLVZW,0.06483826703436317,0,No
9503-XJUME,0.01510799693932533,0,No
3298-QEICA,0.03275256792816553,0,No
9420-LOJKX,0.964525644109402,1,Yes
3391-JSQEW,0.0495686712187873,0,No
4939-KYYPY,0.5536893734341546,1,Yes
2061-VVFST,0.01861575415675823,0,No
6480-YAGIY,0.07470839150799571,0,No
0330-IVZHA,0.9701683389460546,1,Yes
7161-DFHUF,0.018532588400006333,0,No
1260-TTRXI,0.9490334579683474,1,Yes
8577-QSOCG,0.015659910401663896,0,No
8963-JLGJT,0.9634340347254851,1,Yes
3266-FTKHB,0.027197611059628025,0,No
6122-LJADA,0.020000868321025444,0,No
8710-YGLWG,0.9623587840126125,1,Yes
6463-HHXJR,0.03417514658620684,0,No
9576-SYUHJ,0.8856403456941876,1,Yes
9289-LBQVU,0.016554483920389457,0,No
2207-QPJED,0.7347058834780011,1,Yes
6990-YNRIO,0.06810642169149803,0,No
0489-WMEMG,0.12076899509308808,0,No
2189-UXTKY,0.7757339741722141,1,Yes
7105-MXJLL,0.1232929758064024,0,No
7133-VBDCG,0.7549127656772235,1,Yes
9933-QRGTX,0.04497107973221765,0,No
6356-ELRKD,0.9739894483214699,1,Yes
2194-IIQOF,0.021038285465472647,0,No
8063-GBATB,0.9502403346347862,1,Yes
9611-CTWIH,0.975229497240743,1,Yes
3571-DPYUH,0.02208067530846055,0,No
8519-QJGJD,0.9614173044844087,1,Yes
5846-NEQVZ,0.01759454288839756,0,No
6022-KOUQO,0.9447597929297038,1,Yes
7205-BAIAD,0.01876608710149881,0,No
9574-BOSMD,0.014851596440222986,0,No
4884-TVUQF,0.046954565667408514,0,No
6439-GTPCA,0.2920166292887933,1,Yes
3795-CAWEX,0.03206589339851667,0,No
7821-DPRQE,0.02551723525404714,0,No
4983-CLMLV,0.49254925122650334,1,Yes
2380-DAMQP,0.031201374426688872,0,No
7534-BFESC,0.19081892779913273,1,Yes
6695-FRVEC,0.017443292191993625,0,No
0361-HJRDX,0.029736161170748107,0,No
0354-VXMJC,0.02193879072603388,0,No
6559-ILWKJ,0.025880237176020116,0,No
9895-VFOXH,0.958662660859514,1,Yes
8229-BUJHX,0.013867346834838886,0,No
4476-OSWTN,0.42382555869156324,1,Yes
2995-UPRYS,0.07668709537696944,0,No
9208-OLGAQ,0.9221219076059269,1,Yes
4124-MMETB,0.9368484358139558,1,Yes
8882-TLVRW,0.017700034187902978,0,No
2957-JIRMN,0.09160742449800885,0,No
3646-ITDGM,0.017337648952488183,0,No
2673-ZALNP,0.034915448688016076,0,No
9975-SKRNR,0.8853158450322167,1,Yes
3724-UCSHY,0.0322371248361599,0,No
0259-GBZSH,0.9751060799764301,1,Yes
7130-CTCUS,0.19861611506393803,1,Yes
8150-QUDFX,0.5325449313210845,1,Yes
8218-FFJDS,0.03343691555443409,0,No
8259-NFJTV,0.22094984881423355,1,Yes
7909-FIOIY,0.027274857573341783,0,No
3317-VLGQT,0.9645373627602493,1,Yes
2722-VOJQL,0.14589065201202225,0,No
0584-BJQGZ,0.6827506711743329,1,Yes
6732-VAILE,0.020184089354011496,0,No
1302-TPUBN,0.018164847219475942,0,No
8380-PEFPE,0.9745243645055194,1,Yes
7402-PWYJJ,0.12994735605192412,0,No
4250-FDVOU,0.2010292518991516,1,Yes
9128-CPXKI,0.05615428253451944,0,No
4183-WCSEP,0.9236983634247893,1,Yes
0404-SWRVG,0.9747557576364431,1,Yes
6227-HWPWX,0.5977122586729754,1,Yes
1899-VXWXM,0.043470031349811325,0,No
8450-JOVAH,0.9649068954380653,1,Yes
4550-VBOFE,0.2776442815707215,1,Yes
9546-CQJSU,0.97524317107747,1,Yes
4789-KWMXN,0.04371097985611889,0,No
0835-DUUIQ,0.021934400899392435,0,No
1855-AGAWH,0.4749076886420679,1,Yes
9079-YEXQJ,0.15106941629607412,0,No
3577-AMVUX,0.9613346008790797,1,Yes
2316-ESMLS,0.05032429228709703,0,No
9426-SXNHE,0.26358428312780174,1,Yes
8550-XSXUQ,0.020792879028671003,0,No
0723-DRCLG,0.9742126269154497,1,Yes
2176-OSJUV,0.020385893892452673,0,No
0107-WESLM,0.9003614699317531,1,Yes
8626-XHBIE,0.014345469727792723,0,No
0188-GWFLE,0.6687758649885802,1,Yes
8166-ZZTFS,0.06428763390081126,0,No
5774-QPLTF,0.014061207716692198,0,No
0929-PECLO,0.06812823003839158,0,No
5696-QURRL,0.9623587840126125,1,Yes
8124-NZVGJ,0.6972971730101691,1,Yes
4130-MZLCC,0.9414681753579707,1,Yes
4489-SNOJF,0.19467010788454683,1,Yes
8984-HPEMB,0.03976239574878633,0,No
4615-PIVVU,0.02853396394302543,0,No
6848-HJTXY,0.015594523648099563,0,No
8757-TFHHJ,0.9481078602579863,1,Yes
4603-JANFB,0.9744710858692835,1,Yes
8565-HBFNN,0.09798809605936089,0,No
7422-WNBTY,0.9106705533693372,1,Yes
4712-UYOOI,0.02818319485705414,0,No
3372-CDXFJ,0.025362932568496272,0,No
5353-WILCI,0.15142390623363025,0,No
0988-AADSA,0.01671648306926671,0,No
8270-RKSAP,0.9540277752748688,1,Yes
5954-BDFSG,0.07202505717964,0,No
5792-JALQC,0.03174104657841493,0,No
2202-OUTMO,0.06603713320035008,0,No
9028-LIHRP,0.02681900408794419,0,No
9150-KPBJQ,0.03623423996522127,0,No
4003-OCTMP,0.06429296134971882,0,No
8775-LHDJH,0.9744349923112868,1,Yes
6770-UAYGJ,0.014748099352326113,0,No
7596-IIWYC,0.024301392278469874,0,No
0887-WBJVH,0.06845065581827459,0,No
8840-DQLGN,0.17766627387381762,1,Yes
8413-VONUO,0.9746749976992273,1,Yes
9281-PKKZE,0.32808302520846094,1,Yes
5186-PEIZU,0.021109145186778384,0,No
6339-YPSAH,0.9568252915065362,1,Yes
2324-EFHVG,0.024745459042940395,0,No
1918-ZBFQJ,0.48748468001560946,1,Yes
6968-GMKPR,0.08433375035413848,0,No
3062-ICYZQ,0.5570806480501775,1,Yes
2233-FAGXV,0.11027118182621369,0,No
6017-PPLPX,0.34621401810578034,1,Yes
1982-FEBTD,0.01963438735228531,0,No
9705-IOVQQ,0.047041777566106606,0,No
6288-CHQJB,0.020158914686629385,0,No
3315-TOTBP,0.9602712697538709,1,Yes
6096-EGVTU,0.014652227642589584,0,No
2937-FTHUR,0.8309119069347427,1,Yes
4062-HBMOS,0.5974053070594225,1,Yes
2387-KDZQY,0.02405484864130785,0,No
4609-KNNWG,0.021707610154107358,0,No
0409-WTMPL,0.023967486161374677,0,No
3766-EJLFL,0.024713335743451945,0,No
4232-JGKIY,0.753627604986297,1,Yes
0334-ZFJSR,0.023786060612493148,0,No
6582-OIVSP,0.9637065690016672,1,Yes
8661-BOYNW,0.01898616113803337,0,No
4257-GAESD,0.9174958173169376,1,Yes
8785-CJSHH,0.06632099031544506,0,No
5469-CTCWN,0.02345241541752684,0,No
2839-RFSQE,0.6036616662989019,1,Yes
4890-VMUAV,0.02768649470950997,0,No
3365-SAIGS,0.944570942151122,1,Yes
0946-CLJTI,0.08557385256110212,0,No
3920-HIHMQ,0.11194340428404771,0,No
5307-UVGNB,0.044689005886956214,0,No
8780-RSYYU,0.021843197181166705,0,No
0742-NXBGR,0.9740984994742308,1,Yes
8067-NIOYM,0.02015362267879714,0,No
5916-QEWPT,0.970136412646254,1,Yes
1029-QFBEN,0.8448918543879076,1,Yes
9251-WNSOD,0.02795999772846139,0,No
6576-FBXOJ,0.19057139222857808,1,Yes
2501-XWWTZ,0.9528738474114078,1,Yes
6080-LNESI,0.019500933030898254,0,No
7245-NIIWQ,0.9750173767676386,1,Yes
6567-HOOPW,0.9744680879498643,1,Yes
4550-EVXNY,0.974446071951727,1,Yes
6437-UDQJM,0.03358233746784112,0,No
0297-RBCSG,0.2722854135688432,1,Yes
2097-YVPKN,0.02173042337757004,0,No
0853-NWIFK,0.40210155252228685,1,Yes
4853-OITSN,0.973234781026262,1,Yes
6128-DAFVY,0.09088074330168702,0,No
1197-BVMVG,0.9737502849625094,1,Yes
7508-DQAKK,0.028724988202125892,0,No
9938-PRCVK,0.015763676928218277,0,No
0289-IVARM,0.11367141934559959,0,No
8260-NGFNY,0.9666528467002102,1,Yes
7074-IEVOJ,0.9742905371490749,1,Yes
6614-YWYSC,0.03341132010468343,0,No
8473-VUVJN,0.9743012014809912,1,Yes
6693-DJWTY,0.0209256813351098,0,No
3655-SNQYZ,0.034531263718577905,0,No
2845-KDHVX,0.016273491246304967,0,No
5027-YOCXN,0.02319008140111937,0,No
8884-MRNSU,0.026422137445287597,0,No
0567-XRHCU,0.01764606561827,0,No
5868-CZJDR,0.9619022638739995,1,Yes
